{
  "info": {
    "name": "SPA Eventos",
    "schema": "https://schema.getpostman.com/json/collection/v2.1.0/collection.json"
  },
  "item": [
    {
      "name": "Login (GET users)",
      "request": {
        "method": "GET",
        "url": {
          "raw": "http://localhost:3000/users?email={{email}}&password={{password}}",
          "host": [
            "http://localhost:3000"
          ],
          "path": [
            "users"
          ],
          "query": [
            {
              "key": "email",
              "value": "{{email}}"
            },
            {
              "key": "password",
              "value": "{{password}}"
            }
          ]
        }
      }
    },
    {
      "name": "Registro (POST users)",
      "request": {
        "method": "POST",
        "header": [
          {
            "key": "Content-Type",
            "value": "application/json"
          }
        ],
        "body": {
          "mode": "raw",
          "raw": "{\"name\":\"\",\"email\":\"\",\"password\":\"\",\"role\":\"visitante\"}"
        },
        "url": {
          "raw": "http://localhost:3000/users",
          "host": [
            "http://localhost:3000"
          ],
          "path": [
            "users"
          ]
        }
      }
    },
    {
      "name": "Listar eventos",
      "request": {
        "method": "GET",
        "url": "http://localhost:3000/events"
      }
    }
  ]
}